{
  "hash": "c48cbc82",
  "configHash": "c87634d0",
  "lockfileHash": "18191993",
  "browserHash": "13c91460",
  "optimized": {
    "@angular/core": {
      "src": "../../../../../node_modules/@angular/core/fesm2022/core.mjs",
      "file": "@angular_core.js",
      "fileHash": "b0f07872",
      "needsInterop": false
    },
    "@angular/platform-browser": {
      "src": "../../../../../node_modules/@angular/platform-browser/fesm2022/platform-browser.mjs",
      "file": "@angular_platform-browser.js",
      "fileHash": "6570bcf3",
      "needsInterop": false
    },
    "@angular/router": {
      "src": "../../../../../node_modules/@angular/router/fesm2022/router.mjs",
      "file": "@angular_router.js",
      "fileHash": "2c6a0783",
      "needsInterop": false
    },
    "tslib": {
      "src": "../../../../../node_modules/tslib/tslib.es6.mjs",
      "file": "tslib.js",
      "fileHash": "3721eb38",
      "needsInterop": false
    },
    "@angular/common": {
      "src": "../../../../../node_modules/@angular/common/fesm2022/common.mjs",
      "file": "@angular_common.js",
      "fileHash": "9e34a31c",
      "needsInterop": false
    }
  },
  "chunks": {
    "chunk-CCUASO7Z": {
      "file": "chunk-CCUASO7Z.js"
    },
    "chunk-4VROAHQ4": {
      "file": "chunk-4VROAHQ4.js"
    },
    "chunk-KI674W6H": {
      "file": "chunk-KI674W6H.js"
    },
    "chunk-QOHD3WUR": {
      "file": "chunk-QOHD3WUR.js"
    }
  }
}